date_entry,strike_price,put_writer_oi,put_wri_oi_prev,put_volume,put_ltp,expiry_date,nifty_spot_price
2026-09-28 15:01:06,22100,712465,397930,2678780,26.20,2026-10-06,22792.90
2026-09-28 15:01:06,22200,1652625,1289795,4608630,32.70,2026-10-06,22792.90
2026-09-28 15:01:06,22300,1240070,435045,3968965,40.75,2026-10-06,22792.90
2026-09-28 15:01:06,22400,1494675,1214720,5486390,52.50,2026-10-06,22792.90
2026-09-28 15:01:06,22500,2057900,1825395,10732865,69.95,2026-10-06,22792.90
2026-09-28 15:01:06,22600,1687140,1076075,7699380,92.65,2026-10-06,22792.90
2026-09-28 15:01:06,22700,1226095,1235520,7781540,121.85,2026-10-06,22792.90
2026-09-28 15:01:06,22800,1692015,1157195,12844260,160.25,2026-10-06,22792.90
2026-09-28 15:01:06,22900,1297530,693355,10858380,207.00,2026-10-06,22792.90
2026-09-28 15:01:06,23000,2339675,2106260,9854520,265.30,2026-10-06,22792.90
2026-09-28 15:01:06,23100,1689740,2353260,4334460,333.60,2026-10-06,22792.90
2026-09-28 15:01:06,23200,1293565,1734720,1914315,410.00,2026-10-06,22792.90
2026-09-28 15:01:06,23300,1660360,1957345,1392170,491.95,2026-10-06,22792.90
2026-09-28 15:01:06,23400,732225,859040,621400,582.30,2026-10-06,22792.90
2026-09-28 15:01:06,23500,947570,826995,977015,677.40,2026-10-06,22792.90
2026-09-28 15:01:06,23600,158990,120055,164385,766.00,2026-10-06,22792.90
2026-09-28 15:01:06,23700,116415,140530,114400,860.90,2026-10-06,22792.90
2026-09-28 15:01:06,23800,102960,120315,122655,952.55,2026-10-06,22792.90
2026-09-28 15:01:06,23900,99775,65455,63310,1045.00,2026-10-06,22792.90
2026-09-28 15:01:06,24000,282880,181480,175435,1153.00,2026-10-06,22792.90
2026-09-28 15:01:06,24100,47385,15860,35230,1250.00,2026-10-06,22792.90
2026-09-28 15:01:06,22100,62985,38870,245570,53.35,2026-10-13,22793.70
2026-09-28 15:01:06,22200,130975,97305,412295,64.95,2026-10-13,22793.70
2026-09-28 15:01:06,22300,135135,72345,363480,78.55,2026-10-13,22793.70
2026-09-28 15:01:06,22400,99190,79300,320125,96.35,2026-10-13,22793.70
2026-09-28 15:01:06,22500,374530,252850,1087580,117.90,2026-10-13,22793.70
2026-09-28 15:01:06,22600,158925,102635,465855,145.00,2026-10-13,22793.70
2026-09-28 15:01:06,22700,253500,281905,725660,175.00,2026-10-13,22793.70
2026-09-28 15:01:06,22800,263705,156130,881790,213.00,2026-10-13,22793.70
2026-09-28 15:01:06,22900,127855,74165,557375,258.00,2026-10-13,22793.70
2026-09-28 15:01:06,23000,343915,265395,1095640,309.15,2026-10-13,22793.70
2026-09-28 15:01:06,23100,177385,187980,226915,368.00,2026-10-13,22793.70
2026-09-28 15:01:06,23200,226655,255515,179920,427.05,2026-10-13,22793.70
2026-09-28 15:01:06,23300,113425,128180,62530,501.15,2026-10-13,22793.70
2026-09-28 15:01:06,23400,80665,128310,99710,589.00,2026-10-13,22793.70
2026-09-28 15:01:06,23500,153075,173485,138580,669.75,2026-10-13,22793.70
2026-09-28 15:01:06,23600,40690,38415,9685,775.95,2026-10-13,22793.70
2026-09-28 15:01:06,23700,13520,11375,6695,820.00,2026-10-13,22793.70
2026-09-28 15:01:06,23800,11440,8515,6955,935.90,2026-10-13,22793.70
2026-09-28 15:01:06,23900,3445,1625,2665,1016.05,2026-10-13,22793.70
2026-09-28 15:01:06,24000,10465,6890,6435,1130.00,2026-10-13,22793.70
2026-09-28 15:01:06,24100,6565,6565,1755,1200.00,2026-10-13,22793.70
